Size,Bedrooms,Bathrooms,LocationGrade,Age,Price,TimeToSell
2382.026172983832,2,2,4,15,86785.83363204662,0.6002318707375274
1700.0786041836116,4,3,3,5,146310.07506878336,-12.754431532997923
1989.3689920528695,5,3,4,13,171322.21833413243,-15.66857579869177
2620.446599600729,5,2,1,7,130614.68209334176,3.5067982481788853
2433.778995074984,4,2,1,14,109310.86022559235,12.014599882276707
1011.3610600617944,4,2,4,5,165063.29444309417,-10.548920416042751
1975.0442087627948,5,3,3,7,174797.0205028426,-8.601936266875578
1424.321395851151,3,3,3,4,142535.1671708065,-10.43903078178071
1448.390574103221,3,3,4,15,125787.10091336924,19.487305135381717
1705.2992509691862,3,3,1,9,101082.48674043312,26.403729080493303
1572.021785580439,3,3,1,5,107104.23042386032,24.734481962644445
2227.1367534814876,2,3,3,1,123742.45934942953,-11.404772850353053
1880.5188625734968,3,2,1,0,79559.07464897777,-14.074709162284426
1560.8375082464142,5,2,1,1,129548.77100120953,1.4789892032195993
1721.9316163727128,5,3,4,19,167984.32427652855,18.802546534277408
1666.8371636871334,5,1,4,9,144692.49491121425,-1.2412974654145241
2247.039536578803,3,2,2,2,128900.81658971986,-14.639602723950965
1397.4208681170996,4,3,4,16,154275.54259148514,-2.154357343802486
1656.5338508254506,5,2,2,18,126306.35249010792,24.37118940475606
1072.9521303491376,3,1,4,10,89860.40537978109,9.692623104085754
223.50509208296057,2,2,4,16,90806.15219666285,42.611177672866916
1826.8092977201804,2,2,1,17,50981.20382207594,46.960508098980114
1932.2180994297528,5,2,2,8,147733.61555389923,-4.313486929509103
1128.9174897967791,4,2,2,17,115275.52196731517,34.39734727848952
2634.877311993804,2,3,3,17,102617.75797692421,-3.096837470191643
772.8171627006176,3,1,4,5,131278.1752293007,12.776586241099983
1522.879258650723,3,3,4,9,127786.77981512237,13.109213082552127
1406.4080749870832,2,2,1,6,72879.16195953447,31.502033306687927
2266.3896071792287,5,2,1,12,117108.03735870052,18.779193909324107
2234.679384950143,5,2,2,6,144411.35453097383,-26.168402556893188
1577.473712848458,2,1,2,15,76821.4730159245,44.80928026858262
1689.0812598010868,3,1,1,1,90631.76462110526,30.764561970743078
1056.1071261849436,4,3,3,14,140483.1831072005,27.0276960366103
509.60176588803654,3,2,1,5,97871.10337114293,63.07642329387406
1326.0439253369236,4,1,3,9,104654.46558323255,-3.1646364418542134
1578.17448455199,4,2,1,5,111951.75012533211,21.726112906649576
2115.14534036386,2,3,1,6,91010.09841588579,6.849501103733023
2101.1899243922057,5,3,3,11,166144.81482928153,-10.385677957921093
1306.336591296024,4,1,3,16,94447.00585166184,37.486554441250405
1348.8486247123321,3,3,3,19,120050.65610470397,7.972040080525847
975.7235174664537,5,1,4,18,140379.82668387532,23.292267079945393
789.9910314105124,5,2,4,16,150724.48345297747,18.60003625169001
646.8649046874937,3,1,3,9,96465.18244316876,41.11569475943217
2475.387697615895,2,3,4,10,101502.77831512793,-45.666964900174015
1245.1739091241732,5,2,3,9,136924.6308013186,-3.260303948542191
1280.9628491944068,4,3,3,9,148087.35404797958,17.590321559444472
873.602319975037,3,2,3,7,106859.56925082588,26.56085486127258
1888.745177915955,4,2,2,10,120928.81738671496,-5.542500751645122
693.0510762210242,3,2,1,11,97841.43226128655,55.67629404281459
1393.6298598930157,3,2,3,7,112057.51562689494,20.17383478046799
1052.2667194031621,5,3,4,0,157519.4528114096,-36.96366944177468
1693.451248929631,3,1,4,0,114440.18924425589,-21.91782360331153
1244.5974312155636,5,2,4,2,163911.85849566743,-18.63455536937501
909.6839079387939,3,3,2,15,108207.8984107402,47.57927690652666
1485.9088858306725,5,3,1,8,156840.26256863086,19.46052808675867
1714.1659352652089,5,3,4,15,155171.78110822148,10.678446957924162
1533.258611191584,2,1,1,19,49306.19554467564,63.5400536085186
1651.2359488698908,5,3,1,14,157628.65709354728,15.588106860627693
1182.8389531595183,5,3,2,2,157431.9883268952,14.094330834673759
1318.629417006431,5,1,2,3,137482.59357036056,-1.1455664911722057
1163.7697761120244,2,3,1,1,104344.94267776403,29.448777670056213
1320.2234192297294,4,3,2,10,137862.4261006358,34.10792793620534
1093.426858977773,4,1,2,4,104795.74362617462,31.9703430443435
636.8586988341616,2,1,3,0,78323.21924233707,35.00513580152038
1588.7130711268765,5,1,4,18,145332.35807322324,-12.976768521023928
1299.1095318958692,5,2,2,6,150671.04567376527,9.01668887007016
684.9008265169776,3,1,1,12,65577.76626254623,58.57922453899843
1731.3911277628872,4,2,1,15,94200.9640202706,43.306948881900595
1046.350817808379,5,2,2,16,121815.10826741424,46.01596024712956
1525.9726978980696,5,1,2,18,134479.50496079674,33.83188087868749
1864.5452810887684,4,2,1,13,107352.8214366394,30.008058050349124
1564.4914553787053,5,3,4,1,208484.5315842235,-38.43090852648149
2069.7003422716502,2,3,1,3,98690.30620184126,8.251834835685834
882.5870898231736,5,1,2,6,133936.5167732496,27.472413930053122
1701.1708205887744,5,2,2,7,147013.31029334624,-16.867192687811404
1157.5949545298433,4,3,3,16,149670.29597923858,28.712612744053942
1064.6014254090592,2,2,1,2,68971.66886226383,41.13353754406091
1210.5751676177922,3,2,2,10,122305.41866751625,42.61689082287258
1344.2237339363137,4,3,4,19,145769.09484084984,20.94717325756066
1528.0826711148727,3,1,2,2,86830.04041362934,19.224559105777182
917.4250796083218,3,2,2,0,113584.32256268836,2.1539742909175956
1950.4132434770936,2,3,1,6,100998.59538204652,7.7534810671839764
1732.83121986523,3,1,3,13,82890.86685210286,13.589959433241413
731.8781568613881,2,2,4,6,110134.63280284141,18.74623164653318
2244.1260968978,5,2,2,15,129057.62147258411,-1.2142041018989964
2447.9445880152916,2,2,3,5,91261.23696226276,-27.21230012784642
2089.3897855798255,4,2,1,13,103249.8707052396,22.67996122505543
1410.0375820938245,3,1,4,9,114440.43345590611,-3.213182947539565
964.6236892447288,2,2,4,19,80491.58452667859,42.31303543962098
2027.2258634655682,4,3,3,13,145039.77403207892,-6.085248772232058
1298.41152651341,2,3,3,13,99315.02712243078,26.487026548393064
2111.222535191214,3,3,3,2,125683.50948801031,-35.813919232987075
1604.1374890384302,3,1,1,9,64766.832716974415,44.8681745757006
1988.3195182418563,4,3,1,1,123065.2765139609,-11.910822810801031
1678.1831985872009,4,2,4,13,121601.13142276564,-16.734037606083866
1853.2865840959741,4,2,4,0,159988.31522954066,-25.58558733990895
1505.2500103604102,4,3,2,14,129436.09337886798,20.809185229850648
2392.9352469529176,4,1,2,4,113882.9869241389,-18.75747298516178
1563.45604635181,3,1,2,7,100663.62166799189,17.137604108935694
1700.9946817223508,5,2,3,16,132749.32577154564,11.92452918763237
2441.575348528127,4,2,3,9,122905.3309211069,-23.779690877122945
826.1204694287768,5,3,3,12,166060.21560165222,14.481390092192122
864.7575007571332,4,1,1,17,70291.5832295749,49.86541989834956
1984.6983540790056,4,3,2,4,136305.26404707084,-10.506431296423873
913.4382974429201,4,2,4,16,125307.78841771679,11.414784024818049
2471.8105928246464,3,2,1,16,88631.12971810768,26.042759467749303
1293.1905096201262,5,3,3,16,155488.43659117137,6.665675093854544
1126.272594279621,3,1,4,3,132744.62909090938,-5.284318048047087
2461.4710132401924,2,2,2,8,92709.64922731405,-15.663127327679565
2240.257395717212,4,2,1,2,110687.74385510548,-24.838498553073407
2433.779480213285,4,1,4,0,132443.75536553815,-54.73937000302348
1953.0223291376926,5,2,4,6,161600.66603541438,-32.42692439669589
1069.3871574726486,3,1,2,17,111700.43706984195,29.642344848809042
2455.032476549517,3,1,2,4,77225.51979849333,-39.103249204272515
1365.9983145243098,3,2,2,4,108818.39616130828,6.861401291035627
1901.2281978981975,4,3,3,2,133206.2927453338,-16.202877512385257
1973.625983886874,5,2,3,11,150017.4385798842,-23.213178082607048
1422.4949534545829,2,2,2,10,99910.15309581741,28.561760555576104
1807.0396851730402,2,2,4,2,104918.96552584544,-3.905622399391566
1961.1033357832634,3,2,3,11,121126.09588261212,-13.06718590573671
1688.2127655778147,5,3,4,12,173282.95412325687,-18.02994462900203
950.2996047079027,3,3,1,9,102350.16263409962,35.05948704687526
1649.119087103028,3,3,1,3,110407.99595408756,18.446103206888125
2163.192948343515,3,1,1,19,61312.57002237174,38.74293920197975
1152.7160701343173,2,3,3,6,103415.77531616892,21.595126363318354
1425.1827298361645,2,1,2,10,52510.64724167312,58.2086887325136
1282.4232241391812,3,2,1,16,99809.21890156403,66.82205550391524
2424.631864239671,5,3,1,8,144381.55197418542,-14.72940294409412
1836.1473785062176,2,3,4,5,123955.81679691063,-19.104340907768137
1703.730918120555,3,3,3,15,112186.5469446624,-2.600186430314338
1115.0419627773417,2,3,3,5,121827.42657554217,-2.5929057576457026
1769.6245956459086,4,3,4,18,145249.25451874468,0.4148464228440097
1162.833669671312,4,2,3,0,139771.09015625762,-15.87896472396461
1515.9152791371755,2,3,4,4,103568.19128660913,-3.2239040802884222
1182.0769608105595,3,1,2,0,99650.80059180141,7.620498298454912
1838.2166474732499,2,1,4,5,109134.16537193909,-14.975933369247267
1788.2954083074706,5,3,2,18,139303.3718441546,-0.1756676598157565
1395.8506222110025,3,1,3,13,88215.63377408068,46.22601657585895
1698.0033563308227,3,3,1,19,85565.76209601526,47.64819480030634
953.4692456347472,3,2,3,2,119868.35636522113,5.296620220261749
754.3712036471973,3,1,1,15,71117.42758089188,69.88033421204564
1719.6958506322685,5,3,3,8,175010.65894026082,0.6400375608438065
1583.3367476862645,2,1,4,9,92406.40384185233,-2.778353172857013
1817.5157184460531,2,3,4,0,117883.59739736702,-7.459484726320408
2691.572387431971,4,1,2,6,112695.26668435973,-33.06892056708707
1972.239743495207,3,2,4,0,127803.1088045229,-33.94080713757118
1043.5888872779208,4,1,1,9,85711.46466987183,26.18854942519073
2058.5081440479266,5,1,4,17,137860.69534239784,-32.14035558198407
842.0462947442394,2,1,2,3,110537.62529704327,46.83951896303105
1269.2076975926454,2,1,1,5,83886.31018885577,38.78078999235457
1465.8791973376844,3,3,1,17,100231.20557634535,25.685014276724168
2356.6713608246832,2,2,3,18,100666.9077605199,-9.106152876039914
1127.62258897578,5,2,1,13,127209.97765302518,50.62493632729576
1086.7807306704929,5,1,4,11,144112.00697092043,8.890626994658007
1450.7737377872838,3,1,3,0,86329.66899259601,11.79122033734727
1168.2608568189462,4,2,2,6,115083.0747689666,25.318041977794643
2063.3179610532534,3,2,3,12,101296.66634066186,-1.565167307135971
960.0342458182884,5,2,2,9,142655.20743956344,26.52227243313391
926.2656737944488,2,2,2,17,73702.97818548998,52.661293313700064
1281.089977627783,2,1,3,12,67951.12147489522,32.5451617634566
1250.9837746538476,2,2,1,18,56837.3598919885,59.86063694028573
2464.7660269084927,5,1,4,6,148670.85165737473,-32.56781408066576
1974.7104034628803,4,1,2,15,87273.2386949086,15.124503485352792
1543.7756206925953,3,2,1,7,87745.5022066607,32.92228629790952
887.282240584916,4,3,2,0,141730.74242220953,20.58785569020147
1922.1814882007736,2,1,4,5,78571.60141337165,-9.8578185761994
999.8923263052177,3,2,2,4,103297.56723050716,11.873546870851634
727.6144516111942,5,1,2,7,120115.7355904605,31.566799391141345
2094.0148961761506,5,3,3,13,175500.83136818284,-32.8811933451462
1658.4713059624248,4,2,3,11,127491.19768158998,-7.820355392397435
1960.4294118904095,3,1,2,4,90184.75802337944,7.491300974890739
1659.3638264715105,2,3,4,6,124209.96298344943,-4.831986899869966
1928.4153059513455,4,3,3,6,155633.89082138197,-17.884547962890252
1174.4872033499266,5,1,3,8,120324.82555867346,8.741052329527935
982.8785791077677,3,2,2,6,100823.59819847853,22.11963316456415
1840.7972591408134,3,2,2,16,85930.0753670495,18.647961396357157
1098.2951679130795,5,1,4,2,152197.44514202437,1.7036601353476648
1155.2251111248997,2,3,3,16,94314.28734357332,40.110039239851346
1272.2337482413284,2,3,3,0,117306.81150269875,-13.879177382646578
1508.7395795125283,5,3,2,4,152049.7773341347,-2.2736589597302994
1323.003044373258,5,3,3,0,170083.82910698475,-15.290463034315632
812.5243532909906,2,1,2,17,52594.66548742197,82.11100413505112
1178.1907985835546,4,3,1,16,130515.00910400071,27.07875854765241
388.2984238877866,4,1,2,8,110974.18580474932,42.51975189240059
1812.6157255135938,3,2,2,18,96695.19493861347,38.35778659675661
698.9711721966262,3,2,2,16,91586.30277799805,46.92154258997879
947.8083302857747,4,3,1,10,121726.72564420734,63.421966414851155
1526.0825396304872,3,3,2,0,131473.0701547916,-14.57191841013078
1130.2185018043433,4,3,2,8,145439.44858884002,20.38466639806093
2271.507297703368,3,2,2,5,106387.22150514009,-5.549743351551038
853.5715451382757,4,1,1,6,110943.26522733015,51.203225071134185
1633.5254346745915,3,1,1,10,88658.31299248913,39.14632180731272
1480.3585908862522,3,1,4,13,86193.19890155399,7.968466910556692
915.9532511294013,4,3,3,13,146861.76547339518,35.653472522546245
1761.638330265877,2,1,1,2,63554.79988022257,9.604325214046753
1414.226834388876,4,3,2,4,145690.00155687687,-1.7765764582946009
1885.8952756068336,4,2,2,16,126202.71291807084,21.98956634354251
1911.7520769818657,5,1,4,14,132850.49440757654,6.743207269770668
2581.617974640345,2,3,3,1,99188.06796309455,-39.73025161331323
2168.263974718196,3,1,4,7,120246.04671586955,-28.951334565097618
1315.4090810287782,2,2,3,11,79772.85809121026,36.635446642268946
1380.3104112120368,2,1,2,13,55927.96006639566,27.942687338646095
2049.8297979435565,2,1,4,4,94171.12383316828,0.8869209520601267
1827.6318653612989,5,2,3,1,153152.7977210671,-35.669782845421196
1820.065763048796,5,3,1,12,128087.92659836843,18.807511576749096
691.5219778445828,3,3,4,16,129787.65866307955,43.52125291990792
1487.8369378005323,4,3,2,5,133029.07187928166,11.215232410612273
1130.9845453971557,2,1,4,1,100644.09105140126,6.3404900144850345
1639.9622995216191,3,1,2,8,82859.21558897426,18.2964265330313
1450.924805178521,3,3,1,1,107941.00101538129,-5.059549169298858
1955.089454046296,5,3,2,0,163977.5393359211,-33.46087999851217
1658.609107595651,4,1,2,0,126450.83932218453,3.488173645686251
1893.163981054488,4,3,1,2,143125.62280690408,1.8387722345394115
1266.7904516320284,5,3,3,10,154801.1334012188,-5.382526605070584
1027.7768720408749,2,1,2,16,87610.9649268896,60.636484037724564
1294.9751533987258,5,2,1,2,135489.72433084907,14.671055283939502
1491.4897930692798,3,1,1,7,67321.58760693963,47.76449463245426
1689.575867777541,5,3,3,5,179827.10783437657,-21.87128763068911
2629.6544753454264,4,3,4,13,149798.10266412917,-40.08820694172592
1478.8714241696787,2,2,4,0,132376.63079048134,-21.60057240835186
1022.0274997536114,3,2,4,7,132085.09730469214,0.346390299197612
1327.0091121503067,3,1,3,1,102776.30609298746,6.939210251101697
1268.202012676953,4,2,2,3,143487.16978366053,2.9105282289016277
1740.7407368867312,5,3,1,2,162461.52248314783,5.524816473099802
729.6014927776876,3,3,2,2,111175.84877703995,18.838964603523767
1531.6309971001658,5,3,4,17,177749.7565942741,16.391026839029195
1578.2532689826878,3,3,4,5,135724.25221500685,-10.170343490249543
1616.0905181001378,4,2,1,3,117074.78240658331,12.101120720994373
1201.3419655173186,3,3,1,6,111011.21547493327,17.45545540614581
1381.0391351319965,3,3,2,19,97999.55944490338,42.85996780803013
787.9695455087342,2,3,2,12,80160.56198384735,48.816133399972244
1253.340058318903,3,1,4,10,109404.51013836243,19.720624284195537
1228.569261991641,4,1,1,14,77831.9496442972,42.034449157666806
1708.0250231307127,3,3,1,12,78201.9862438727,11.222950543015479
921.9087840890436,4,2,4,9,133199.89834833023,15.094952466177752
1890.5990508549967,5,2,4,5,169356.2237403115,-28.320099058657664
2247.2422722456845,4,1,4,7,126524.8098004232,-24.978344562043084
465.00748749323384,5,1,4,19,149003.81314994732,55.10627699996981
1713.1293653890505,3,2,2,10,102794.09963701142,6.2097127103721785
1838.4540175151228,4,1,3,19,99356.13048928675,-4.97112190240431
1181.2814872238855,2,1,4,14,77294.80523881699,33.311825406752796
1301.3640928356012,4,3,1,16,105385.268453726,45.01820241696301
1433.5597112065223,5,2,3,1,170674.75210266258,-18.77735439439068
1351.1045602991358,5,3,4,19,152964.55141932,12.172845206664793
1345.493515476439,2,1,2,14,52568.67043654553,33.15738643845451
661.9980968350117,4,1,4,9,124828.13684413121,3.078084974984378
2076.1657823915602,3,1,4,12,104161.615536104,-24.21408795560292
2039.8092960184106,4,1,4,3,118093.40101291133,-28.770667481782077
1093.3178703978986,4,2,3,3,128591.30098300401,19.027568036000204
766.787836098743,4,2,3,8,135133.79994044255,21.101181033986787
1760.5324382263793,2,2,4,19,103277.49980908314,25.323405954881864
1212.106015093467,2,2,1,8,76196.08862844847,35.693499832450286
1570.97658166039,2,3,1,13,82627.39067492165,36.31631232139798
1340.3357914274525,2,3,4,13,97146.08055701242,21.75553349576209
1845.7693755350933,2,3,3,12,97849.46122224664,7.958717585040051
1847.374571828003,3,1,1,14,77238.62969902455,28.16197935815725
1137.2013107682078,4,2,3,16,135478.06735393297,21.230937041712046
808.3180223024723,4,2,3,13,136397.91809270377,32.825178081688506
708.5308013324591,3,2,4,6,125834.98184512228,29.565096887689684
1805.1896895536026,3,3,4,11,147048.59951126858,-24.862236623432793
905.5703711079856,3,1,4,8,136367.39231719362,28.42619648202703
1246.5918228506562,3,1,4,6,103784.67675759846,8.438715242458182
1201.842980774746,2,1,2,19,49069.76353693702,48.253587907750315
1473.716351865227,4,3,3,14,157021.68743372982,11.604772152832945
531.8600970767466,3,2,2,14,98720.57530239256,57.003842620382265
1594.3892983969142,5,3,1,8,149020.27153347115,1.6909173992380264
1761.9455119171027,3,2,3,11,113904.71603254981,0.7472835439500765
1544.2110435223308,4,1,2,2,107327.24046991157,-8.889204313538798
1344.5569141507642,5,2,2,15,125424.3256095695,5.9480567013708345
1548.7000831343917,3,1,4,2,106102.87494608409,-9.948638117432418
1699.5231728200652,2,1,4,5,103409.22415472017,5.45919931590608
113.70362178667483,2,1,2,10,50790.445164047516,88.92238195947944
2477.956154125347,5,2,3,6,160325.52453354816,-46.45247010231931
1695.0466613439633,2,3,1,5,85370.64873041688,38.62225181098441
1173.79570880649,5,1,3,5,137153.2289672498,21.04919606755908
1304.5233124061995,3,2,4,14,124181.77142228643,30.09905096835351
1746.8708886745942,4,1,1,2,112413.32457791625,-0.2627905859073465
1441.9480304828166,5,2,2,11,143250.73939391077,10.11904283470097
484.65776610925286,3,3,3,16,100611.13225939457,31.07669283772797
2532.2464306796596,5,1,2,18,134075.77030209775,2.9441994468759995
1444.7296713837636,4,1,1,12,106924.33000768749,32.722080619264794
2010.0863558579,2,1,2,0,77019.41150984043,-2.6846837952206197
1153.9750761078044,2,3,2,2,103779.56570764801,9.035567363685628
2268.188527122899,5,2,1,0,159248.586349763,-14.316951132264364
1643.1718444461399,4,1,1,16,99393.82863516035,42.136725762773494
1804.4219172377254,3,1,2,4,91709.26692286966,-6.573888314008968
977.3733169265226,3,3,1,4,108665.29989995182,31.219921037091428
2105.5726448413507,3,2,3,3,116217.4152123104,-17.320334335381943
1844.9090822673943,5,3,3,5,182794.7750851054,-2.262856905906112
2150.9231147824994,2,3,1,18,88575.37940445812,30.43011502751508
1185.9562201792105,5,1,4,10,129558.74799510157,-3.9827765769200116
1259.4864407696061,5,2,3,16,149376.16720904547,18.052776259189503
2651.958348841971,5,1,2,13,132067.19248819706,-12.870985123983328
969.9920886392264,3,1,1,15,55520.364384602435,60.56428445445427
1432.0251496608396,4,3,4,5,160786.3650604472,-33.375473420017684
2068.4456813013476,5,3,3,9,149363.78677688548,-24.369139391185627
1548.8624838574278,3,1,1,13,74169.35960134258,33.60103653802906
1791.4768398766469,5,3,4,1,164163.39340080883,-41.34943480861607
1300.2754853685624,5,3,3,11,157932.6825056051,27.201359492432523
1685.0279439237593,3,2,1,2,92831.85482701054,2.1262556084751
846.7365741323417,4,1,4,13,115434.87008564011,40.97731281703112
2329.065339809094,4,1,2,7,123779.8128396502,1.7342212491620987
1440.917977435715,2,2,4,1,115175.56468610889,-2.3925611333157404
1159.9108980015749,5,3,4,3,178684.26684576678,-15.766222756334352
1833.1915410159572,2,2,2,18,63685.817361566966,39.54818797843014
1269.6401063057233,3,2,4,14,114347.05688470053,12.411599028710826
832.8707642986233,5,2,1,8,122225.30569915615,32.54928575691794
826.6412471012223,3,3,3,1,144244.12066504726,2.7221458655447073
1846.8865763450663,2,2,3,10,110991.1033036504,9.332418619119577
1420.2132809268664,3,1,1,15,81342.10562128454,46.29589575243512
1433.1492201657804,3,3,3,15,124133.4780655344,17.60967273504042
2038.8719029881313,4,2,3,9,130463.1481185626,3.036131037503626
936.5870956216282,5,2,1,13,123517.2306531962,37.85490201352656
1134.6611235675875,5,2,4,6,182120.17628865974,2.31381524620347
1307.5600954093622,5,2,3,0,154994.42397248934,-17.44607903370226
1547.175794658537,3,2,2,6,120484.57346628676,-3.3372240973910348
1478.9142743547106,4,2,3,14,115524.06471697586,1.3730672909548431
1356.556403805046,2,1,4,6,86815.96165792044,2.3877841593499616
1469.1867989521763,5,3,1,1,137694.02747226824,7.220510928489098
1446.3473618544126,3,1,1,14,73415.51569320999,52.027443087664224
1140.1978057241035,4,2,1,19,89032.82268409999,53.38719430153586
1093.5035057229613,4,2,2,0,147297.2458207659,15.379111916862378
1637.2581788619698,5,2,3,14,151041.35180604167,6.64488573489847
1054.542458502236,4,1,1,7,104001.2386980193,35.74882305255241
921.3223704045732,4,2,4,17,136387.44567685,36.90764155258657
1343.8538744371533,3,1,1,7,67846.5187933072,46.56332277048354
1421.166491918092,2,3,1,1,96051.76612329732,27.525279168444285
2628.361748649105,4,1,3,5,139784.987753002,-35.919582069359585
1147.649862071883,2,1,3,5,80759.37419109905,27.247580416424945
1971.6303624847474,4,3,3,6,139915.65316499423,-40.44136758985683
1873.5941671023159,4,2,4,13,119513.37051660079,-6.25715578573716
905.527522398132,4,1,3,12,106419.4938572783,36.4441979854086
1886.6264887012999,5,3,3,9,149421.0242689419,-14.079042671481078
908.0596799033411,5,1,3,13,140859.20353037762,27.53548230334915
170.41388100162953,5,1,1,9,123996.87960232326,76.93531543247371
1803.1597621796905,2,3,4,4,113244.76160888435,-19.02716987280086
622.0547082811403,2,1,2,5,76550.84043883483,45.9429793967044
1725.4672309029575,5,3,4,11,169198.18708588168,-19.17338439224682
1157.9945511313917,2,1,1,5,60222.8544478171,51.60121725922896
2329.775398094936,3,2,2,8,106984.44321469725,-9.817858180744821
2034.2546996580045,2,3,4,8,113677.5272594341,-25.371134669605823
1273.3070980743062,3,2,1,2,102918.68703556832,21.713201641701627
1156.081194485659,5,1,1,14,94820.7600925673,61.39470174418438
892.9612984529397,3,2,2,1,110721.23052910616,19.20429989771661
1279.5386838537042,5,3,1,13,142390.2491180495,36.771555826742414
1359.8222524077455,5,1,2,1,114315.97976372279,-0.5757749603920752
1317.6532278041573,5,3,4,7,160661.9246865872,-15.297064981190442
1578.351927636182,2,1,2,12,45293.939907548825,27.041028333221583
1789.2607488644392,4,2,2,9,126137.69871367174,-5.840863059387377
1674.827228496587,4,2,1,14,108177.00988296489,28.65736686100124
1117.9280380467785,3,3,3,12,126398.53979076381,30.64671638430139
781.1042630992108,4,3,1,16,106226.76720646798,72.3288017427103
2182.2659240512357,5,1,1,3,134580.87106868826,-4.049282759001514
1155.275407725031,4,3,4,2,173506.0499020364,-20.82687301487195
1173.8532000324903,3,3,2,1,117017.29624978296,17.239449998128947
1239.4053438494445,5,2,4,17,165480.3054364627,18.358131423100488
578.4652249216757,2,3,4,11,111880.00864464924,46.629675161747805
1261.0129979797566,5,3,2,16,131968.45625888958,48.0657146205765
1260.172092996026,5,1,4,9,130403.13838498908,13.340914762259493
1810.1791491717563,3,2,3,16,112342.32445313592,10.767043537235232
1849.228574553668,2,2,2,3,86984.12618058705,0.9308473263849297
1501.8854445431348,5,1,4,9,155663.19218681086,5.5228419577722985
1965.9241870571518,2,2,3,15,85199.23084620445,7.9453430289196865
1669.982491900631,5,1,1,1,127611.7001795581,1.4956905986376556
1492.1589441987226,5,1,2,4,153081.34370190112,10.578634081291067
1580.4640841491114,3,3,1,12,117858.72291838856,40.292138021404426
1404.6732532093004,5,3,4,12,169474.06394050055,-2.911089904060106
1302.5752429832748,5,1,3,2,147500.9748685229,-33.00245550948961
1366.1332315530167,5,3,3,14,166727.5210463944,13.409662700221407
935.9943342649966,4,3,3,19,144181.90884209357,34.799678018729004
1640.220852658148,2,2,1,18,63630.19847820937,39.03416444897351
1003.4381945352097,3,2,3,2,113666.40059231724,11.138155825152232
1920.8156320368182,3,3,3,3,133024.1796436534,-7.419827462514064
1375.2707099195256,3,1,1,0,80984.764260176,8.44310640847597
1524.7474908250454,5,1,1,16,126696.04655781045,53.15680518922142
1746.918388140478,2,3,3,14,114380.72158242346,23.379749363010692
1821.657232531464,4,3,4,3,160974.67842747184,-21.30808072478032
714.6882956832736,4,1,4,0,139740.26675477973,-3.5877348126013047
1396.548161918014,3,2,2,11,98143.68143860211,24.59113067067438
1940.089456040391,2,2,3,16,97002.45608770233,11.968967601879491
650.9470902838727,4,1,2,8,117914.27870932186,42.47499687082063
1693.6402376975316,3,3,1,9,112632.92844595763,19.568744862475015
372.21788529890523,4,2,1,2,126998.75163879471,41.65997463284257
988.7465781821982,4,1,1,14,98200.0813695069,52.55832919332113
1519.315275920094,2,3,1,10,97600.27617604303,30.3043385527854
671.6424488390231,3,3,4,4,146747.1349577115,13.525565165414976
1007.2446311579247,4,2,1,9,113122.6276067242,23.264490711311268
764.0824962682066,5,3,1,13,136709.7850121417,50.94330860022872
2324.0674661037797,5,1,4,11,129544.52635812009,-9.749306999283938
1582.113877743667,4,1,1,8,97612.5731338047,35.26159214052752
1783.6451389263348,2,1,2,5,63581.267235421874,3.0316735676367212
1388.6624497424227,2,1,3,8,78394.42189444245,30.7862067448309
1323.2841256214006,4,3,3,2,165166.5263046816,15.197754757348413
691.7629056744837,2,1,1,12,55174.12820724077,66.82155023474286
1354.0813186260687,2,2,1,6,70627.0239482168,40.58787965414691
1119.2538940941884,5,3,1,16,131128.34069843066,64.41618717697028
1928.9619621461682,3,3,4,17,114763.12890683376,9.434097411551882
2070.550933328787,3,3,3,19,130463.32882023929,24.390678012161352
2233.2893577870886,4,1,2,3,95449.73448960105,-25.950936288699992
1926.275969730616,4,3,4,4,152715.3077225547,-29.432070512242817
1200.673031538507,4,1,4,10,102568.31717879858,13.899500080229302
942.0515070198028,5,1,4,17,135409.60999601273,32.381326082334944
1883.3315908225431,5,3,2,18,144618.82019780547,20.395127739381312
1678.1464087361444,2,3,2,4,97896.12899807312,7.217358310515645
615.7307746614846,5,1,3,15,129776.56638756674,29.404135400047277
1677.7408963718844,3,3,2,17,100726.21970400836,37.330497255116015
1907.2599112439332,5,3,1,13,133917.0735507346,15.570805949196444
1529.462794590815,4,1,1,19,105042.99552990617,36.32994986627695
1407.4731644953292,3,1,3,16,86463.10709861395,38.365763273415084
1096.175756191822,2,3,2,8,106724.67412756357,36.64452743890142
776.732650218306,3,1,3,13,84120.65589857927,49.06836597019738
1900.1489746700138,5,1,3,11,151177.36043485586,-6.872821322046017
1345.4427776141456,5,2,2,2,163914.54269888502,16.980773120774654
1383.2666692281537,2,3,4,17,111101.82015678684,26.214266233240945
2366.3605934595666,4,3,2,6,129287.86436703496,-28.890358405208897
1842.2505534295951,2,3,1,2,94891.1391339914,-8.695096007264645
1685.4125006405511,2,3,2,11,95415.75125073084,11.7643031528723
1571.0309025936178,2,3,4,14,114281.75459219178,-14.827160010830681
2259.9974303828863,2,1,2,8,58447.79255319473,1.5944786480421684
2359.794653708097,5,3,1,17,124049.8959650611,7.495730894677045
1964.752555739764,4,3,1,7,130706.00665169023,-9.019241019416167
1791.112295698962,3,2,4,9,121892.64298451229,-14.187804779323562
452.69846439692765,4,1,4,11,124347.09945139213,49.9518725695398
1561.8609571167533,4,3,1,4,142148.93626706806,10.217084643094024
1434.946522903148,2,3,1,10,71065.86843113793,50.30503975325354
1546.9766146927843,4,3,2,2,153980.42546722444,-6.258812611393889
1971.523043661259,2,3,3,7,101653.48612165745,-8.913518443102715
130.16141640522187,3,1,3,19,82212.86004970202,53.10261705456614
1215.3439732649074,2,2,4,7,95449.87835411975,16.832568274081417
1634.9521774703808,3,2,4,0,131813.6746671277,-11.042982923624507
1266.5772269736187,4,3,3,4,132675.10986548752,-5.420997247740858
791.5469434368703,2,2,1,10,64814.9162688465,55.15054944359316
1934.4817434483978,5,2,4,8,157909.67541887067,-16.904088523512325
1638.435952923064,3,2,2,12,111558.52000009347,14.483950513354323
1014.4477147777577,4,2,3,6,136114.20529526108,5.743325366586519
1657.408602257912,3,2,2,2,115883.88741609198,4.448723593895078
1910.792856024898,2,1,2,11,65114.78457187748,14.613700839404903
1502.6463231496805,5,1,1,12,103362.31944694769,36.03118914630607
1900.2824017154985,3,1,4,15,110122.18988269022,-5.211567203959348
1539.1300875808306,3,2,4,8,114415.15162311474,11.921186563885673
1302.3855086728229,3,1,4,8,102488.75934660883,14.493071582367186
920.2897418000435,4,2,1,13,109381.14265899568,51.04981953700017
1457.0346165141937,5,2,2,0,160283.90520272817,-15.447344820885315
1597.1464690228859,5,1,2,0,133884.72780168397,-17.491933069411438
1937.9163807936654,5,3,2,15,166174.2055102296,-4.1098617306357585
1442.4462657563865,3,2,2,17,88106.4389823572,23.404579035938646
1728.7078031104954,3,2,4,12,125620.24677110155,12.54306908646143
1017.6939931331358,3,1,4,16,99645.0100060736,35.88992859677364
1108.6854220862374,3,2,2,11,115121.06109316731,46.44572064174454
1444.805350486556,2,2,2,15,77966.4628078531,56.04648983926594
972.685768007493,2,2,1,19,42813.21470344277,83.88548719434353
1910.1239186623407,4,1,4,0,146938.41405742624,-26.80754964491889
1731.5651646593035,3,3,4,14,131150.29744892436,-5.057459398103026
1639.5478821962267,4,3,2,4,136389.1548304143,4.306559084175197
1669.4520626079723,5,1,4,18,150164.37365051237,9.027815812952806
2510.5217807423987,3,2,4,17,111042.17453007618,-16.922164829238472
1265.5679060166021,2,3,2,8,103732.65138463172,20.88097910996379
399.279357249721,3,1,3,4,93615.80648564809,47.813787046430704
1599.6500984482327,5,1,3,10,127538.52378094426,17.785124913083706
1474.698229519167,4,2,3,1,157943.1667205957,-12.99203412347725
1241.2404787447983,3,2,4,1,121850.29286674554,-12.607291490712552
1010.585070320615,2,1,1,14,45757.58317098562,70.66414527778011
1280.4052390989261,5,1,4,18,120656.99470087263,12.236078841670182
1590.6692146089106,5,1,2,3,149195.15704738267,5.31669043130351
1248.5916496787308,4,3,1,16,123704.27905779037,59.911546568415446
2706.2268397718744,3,2,2,5,108830.9097544119,-28.365149554101748
1019.7478091834259,2,1,1,3,72361.258010378,41.65269804654121
1103.4413186461643,3,2,1,15,72358.35496598041,73.79369121576642
355.68997999273574,2,3,1,13,76867.37717079966,69.59761747039154
1625.7422075107686,4,1,1,8,96998.49379126028,24.63810109016245
491.7966861001199,5,2,3,7,137861.18783576545,16.827944672896336
1230.2726833127492,4,3,1,11,137829.4076051559,26.06347353828488
1362.1647327197215,5,1,1,8,117596.79186442618,12.346688299601631
1145.1360170765558,3,2,2,8,99439.68164598328,57.89841532840984
2369.4363387272556,5,1,2,18,120646.97306504646,11.634429750287978
1997.1971956577495,2,2,3,5,88572.77575446089,-8.374671361766175
2159.5684381507876,4,2,1,19,102630.91425720505,14.642303940741424
1058.7905907250406,5,3,2,6,193904.78076538746,-5.0106483539325595
2064.297032257284,5,3,1,19,143178.96881858667,21.488471915206855
1748.0004731719812,3,3,1,5,127657.11083292925,9.108467613689795
1885.7029743384228,3,3,4,11,131492.02026261002,-6.551162591578002
2014.7194143913835,3,3,1,15,93591.66980588631,29.48170597907821
1045.6183770204734,2,2,2,12,81719.84508222682,54.75419911695654
1287.8411895110494,3,3,4,4,128326.87116051518,-8.05700681249704
1931.2980056642255,5,2,4,3,144996.0713483742,-28.71883552229984
172.19045351253362,2,2,2,18,79502.02027697765,78.7589251126049
2256.6640412866027,3,1,1,17,75641.71347036559,18.78561477525468
1776.566032103792,5,2,1,12,137326.7952335826,14.32118634938415
1477.1480196698826,2,2,1,12,69120.2727417349,49.375236814529416
1610.2538278785867,5,3,4,0,205688.85391273594,-29.24263815106327
985.0323583455117,3,2,2,0,109719.23430859661,17.322897826292905
1325.0283177054475,3,3,4,6,134222.86675094694,-1.526572302452521
2050.142169110187,2,2,4,3,78060.08393448184,-7.429181648204885
2149.010986163111,4,2,1,9,111702.84681654914,-12.49443066985653
2848.11202628179,5,3,3,8,176842.83386373767,-58.9940397530257
1463.0376668597924,5,1,1,19,106900.13081882488,44.97853240009647
1170.723516597498,4,2,3,3,148927.57910276638,9.881867873846879
1242.8830170300057,4,2,2,10,143670.2531710689,22.560777143694665
990.9790623563176,5,3,4,12,171861.98744740614,16.30151267800071
1461.0726220295746,2,3,1,8,100143.07190694787,0.09344929467717478
1691.366215006134,4,1,2,6,94087.15735570282,-16.04565902671547
1482.878859734023,3,1,3,7,109154.63047343327,4.835601331184074
2048.173422832899,2,1,4,18,78758.99151528416,37.22801820385479
1382.8920993277318,4,2,4,15,133577.54106619323,10.51255349445088
1326.2746737507184,3,2,2,4,105129.14813681046,-7.202729890572485
1209.3657615698373,3,3,2,11,113141.64819739848,25.11872982466617
683.6827368827524,5,3,2,11,151353.8122749889,40.66445670919584
716.116137845773,2,3,1,12,85444.78777041954,70.13873967674405
910.4210346811561,4,1,4,0,133812.28917667654,3.3928580715129923
2150.7140358323804,3,1,2,5,79617.43222828416,-5.879463128808662
1947.630136444965,5,1,3,6,144244.3539581437,-8.641011151231055
2187.4820331964947,4,2,1,13,102115.06153270356,23.91171931993008
833.8941727027491,3,2,3,5,125996.81323427267,16.435846760603933
515.6876551069898,5,3,4,18,167019.5741618297,32.29336273252078
1169.9718399329586,3,1,4,12,104955.22545317838,18.539867741909468
1587.909476648014,5,2,3,14,126401.63560587735,-9.692708363246453
1749.3451374549138,5,1,1,3,110407.87128704623,-8.051318366047893
2023.9860779840265,2,2,2,9,91508.13697406652,-13.905832217931213
1642.1398354036073,4,1,2,19,89582.90265744003,35.57918418967304
2371.3343903278155,5,2,2,5,140961.2906051744,-27.11676423274426
1388.6971595258397,3,2,2,1,107014.94890708012,3.948756457319578
1043.4603909791017,4,2,2,1,143259.15612376298,12.352150778664713
659.3908922527833,4,2,3,0,144171.07542414224,17.410965118411028
1055.514320952275,4,3,3,15,153730.40319430942,19.608739394736347
1621.0589804925614,2,1,1,10,53233.05151493436,49.10434284274023
1055.6398713231847,5,2,4,12,160759.58257332552,-6.591491016221967
1968.3712317676286,5,2,2,13,126051.75106212407,3.8123710389800367
2206.1638530187215,5,1,4,3,164983.39427794307,-40.16837049258541
315.2065473866985,5,2,2,19,132344.08531064188,74.04257432751469
1932.026150248824,3,2,2,10,101507.30406308717,4.089358393479939
380.19797066913156,5,1,3,19,129673.25437759116,68.28136946328354
1700.7495275451438,4,3,1,9,141418.29550297582,12.638850067500385
2112.4352820968297,5,3,2,5,159011.2665761625,-21.391109530107318
1532.4280531717882,5,2,4,13,174496.60360413496,-4.463613222492015
860.1554133978802,5,3,1,8,139014.85186266102,40.17630002276525
1207.2843978611136,5,3,3,17,162925.48827862146,29.31294970868064
1369.1772771445496,2,2,2,13,97876.77425032105,30.87727372422734
1408.8776081050285,4,2,3,3,132906.2914914665,-18.355237862835203
1398.5515796166665,2,3,2,0,108251.83432424253,-3.767563550482908
1445.0586103453431,4,2,4,14,145597.57993353702,8.300072369659402
1606.7400244550845,5,2,1,14,125524.37302324049,26.631340711222137
895.7131731333894,5,3,4,6,164544.3238249234,-0.4620684868618232
1378.9900850648903,4,1,2,15,90229.90145184289,27.378576147475197
2259.1305851778525,4,3,2,5,147038.89118112728,-11.816509404416564
1307.6772884287411,2,3,3,0,124668.99184410681,-2.9947040654719284
1278.081953422401,2,3,1,7,96584.59431992116,17.323196099302102
2039.098651857119,3,2,4,7,135583.869464607,-18.61946175756214
220.40766682795174,3,3,1,17,98930.0557827742,85.86202997844636
2090.689300644143,2,2,2,0,93227.67635743214,-9.283075907155414
1184.0481209974164,3,1,4,15,85503.33746892342,26.7807661622348
1581.9642862262933,2,3,3,11,108064.27168013653,14.812790928011815
1548.1606779605984,2,1,2,11,71000.88819289129,21.01788838001669
1971.234059610197,2,3,3,18,92253.50408164524,30.180508455953387
1366.202626882326,3,2,4,11,126223.11830239027,4.74898535608666
1160.9871092177748,4,1,4,6,111521.60510943066,17.838838428225962
2148.9228953255492,5,3,2,7,166685.45742560815,-23.008975534916186
317.91309142940986,3,1,2,3,95261.7997819227,57.1293609855197
1510.1670908526216,5,2,3,19,162961.1688813065,22.09678376169599
826.0372886854398,5,2,2,5,159643.8740129954,23.22202567578235
1119.2133058717204,4,3,1,17,133729.41023852114,39.03568625500453
2505.6283407315686,3,3,1,0,124526.78513404743,-10.110664657775459
1477.7022867720716,5,1,3,11,141305.00728253863,12.858651504422623
1597.5348485756906,4,2,3,1,128082.45427515857,-14.828546157026482
609.2185721472043,4,2,2,18,109053.69628255573,71.79719270326387
1135.477670602652,2,3,2,14,109935.02354190998,42.821471855855606
1598.2787003643925,3,2,1,18,68337.49486295131,67.14969488197445
1677.378846556609,5,2,3,9,147435.87107514704,4.845405802815581
1808.4432771966394,4,2,3,6,120811.8808304516,-13.560389073969873
1504.313949458788,5,1,1,4,136361.67511505066,27.45440039494641
1763.5021042273297,3,1,3,11,89323.93776665755,10.703500718458688
1726.890956317842,2,1,2,17,74408.78913747185,58.252185714216495
585.1297944977342,5,2,3,0,156254.9399600559,10.262689796839274
1518.5028609550748,2,3,3,11,99817.93062884016,13.652820514630005
1883.9512038663518,4,3,2,18,140827.2674917798,18.42114688156373
1794.9399103672597,2,3,2,8,107385.78721912138,14.146869519761765
1318.070595014605,5,1,1,19,79596.23220533156,64.95099475424037
1097.1867462303162,3,2,1,2,103160.00127168716,31.01296681951524
940.8440378391839,5,1,1,18,113572.09080144251,57.70752961477469
1434.4729942292938,5,1,4,6,151915.30580612377,-14.968790037565775
2066.539939779861,2,3,4,14,105556.68993164218,1.8606147642898767
524.0979492591989,2,3,3,11,104646.1334210255,38.733610216088714
1170.054135135251,5,2,2,1,145704.412257911,-7.789927273730758
930.098772286613,2,1,3,13,74678.27966224306,34.674572428339005
1892.4787606202501,2,2,2,13,76022.29675169945,16.5763611375488
1222.8451867143494,3,1,2,1,88492.14101096771,15.070300684481156
1264.6811709226042,3,2,3,10,112370.04504850744,29.591285570884736
1391.5252150316755,4,1,3,19,114820.15170935976,26.481808031620172
1722.6966254473987,5,2,4,13,160851.40723667736,3.2903857612556457
1303.8055009251816,2,1,3,19,61215.47885115027,28.508772100775545
-23.071527399963315,5,1,2,14,124451.00444000414,96.03817383038297
1771.6559456937598,4,3,2,0,156683.75189143652,-31.01391762301374
1719.5214788360213,4,1,3,11,130913.8024251799,8.395226019850735
1390.2294858343935,3,3,2,7,130870.64058451157,13.117315251053089
957.9816896640327,2,2,4,3,112952.79277842233,1.4074020916496872
1675.890055340679,2,3,2,14,81846.70471553148,32.48738518522953
1689.6177667677935,5,1,3,0,132289.28161417518,-9.116391361089365
1264.9835586495626,3,3,2,8,115708.67964213406,19.328632138747466
1391.6342647122308,3,3,1,3,98703.96931679448,29.344821178271943
1034.9217487378394,3,2,3,11,101769.61358376264,28.59292445789382
1410.7054539563355,2,3,4,1,123104.1296794665,-22.958963286136715
724.7853274582595,4,2,1,6,109620.2884463401,41.464565118193846
1708.6594105159177,4,2,1,14,103675.14914215378,23.465257021634773
1027.815754587853,2,3,1,4,78333.86160431283,39.76767507841545
1619.051573916156,4,1,4,10,128224.19338489018,-6.5632161400981746
797.0185418660503,5,2,1,3,147463.5897816021,28.34761179052518
1204.9711770652302,2,3,1,15,75221.11091064091,40.99729026572777
1444.7552974670361,2,2,4,6,112079.93109064567,11.35090575723618
669.6500940653683,3,3,1,11,131062.09218421346,51.35421294342845
1557.573936570046,2,3,3,2,112960.67666694049,-15.42198920498197
1310.4262185600387,5,1,3,3,149267.31318877533,24.001956461677253
628.8219010953848,3,3,2,17,110382.11185142126,44.00559922791807
848.3786229438422,3,2,3,10,120220.42660371237,36.62294436970586
1802.5600420410833,4,2,1,0,103814.7812548996,-23.713456871270324
1947.777992775662,3,1,3,6,89504.32131693567,-2.348112286861604
1434.0456801100165,5,2,4,1,171251.6621207688,-22.140235203118014
1702.3809060202489,5,1,4,14,150820.8161145948,-4.595206867449193
1611.9217816564553,4,3,4,3,164211.20114947762,-37.99309355423997
1664.811491063869,2,3,1,17,62286.67323585549,33.47034581655449
2142.9920035401465,5,3,4,7,170935.36323718613,-45.35536785121768
746.5008008928639,5,1,1,14,103526.18922447426,44.863739681309035
1838.2303661808116,4,2,3,11,133909.0346331209,-10.627369430087933
1308.9955222110898,4,2,4,13,130134.10816270126,23.081393246709567
1387.8705328741798,4,3,1,0,128985.86421842939,10.275974135507258
1348.875134772465,2,2,1,0,91621.91333376327,34.84202246021411
1312.4264416693582,2,1,1,18,61109.375988820575,52.738785712697975
886.9019041084905,3,1,1,17,64410.70289869386,64.07991049978848
1591.6695996288006,5,1,4,9,151144.86152331313,-26.120583533332777
2335.4715163944284,2,1,1,5,42452.89777288381,-5.968702814762565
1471.9334897756214,3,2,3,12,110819.23733844123,13.930863829775575
1499.307478632452,2,1,1,17,60749.4342372745,50.81471211229977
1156.3504814216683,4,2,3,3,142945.99229328433,21.083023312560098
1441.2627267909443,3,3,3,3,133831.2398069702,-3.1574160690096242
1733.0832130170154,2,2,3,2,95080.11187178215,-8.64349522793519
1314.8787796478287,2,1,4,5,84289.51923390989,11.148262531359304
1273.0979794739994,5,2,3,6,152945.72493779898,1.0758461432039432
1701.6322700816233,2,3,3,8,92436.4047526777,-7.906003468427189
1040.9976150904772,5,3,1,0,171725.08859052765,5.50119410765819
1626.2483135384362,4,3,3,12,149555.2305607174,17.202119420119992
1910.1608986307108,3,2,4,6,124030.71010718252,-5.2669499492775085
2179.974270839742,3,1,4,7,102991.93938714649,-17.82687494183051
1454.8089963615266,3,1,4,9,106124.00829660332,15.550582425547347
2183.7986199033567,2,2,3,6,103169.84873258011,4.914133746822429
2017.204943240759,3,1,2,5,101223.08138380985,-3.933405419400258
1001.8936798144669,5,1,3,4,132564.0375392498,10.786338003552252
891.0307442034245,3,2,3,7,103810.22777036516,26.479986703463176
1347.5181810727897,2,3,2,19,107556.05871861914,37.306319250886645
2014.467746297427,2,1,3,15,82473.16245030556,20.030283891822474
1463.8564962199976,5,3,1,3,159917.12765639005,-6.352475077019671
1199.6712211711058,5,1,3,7,137313.37317341185,10.03246321658256
2276.1215900242805,2,3,2,8,107478.26417763995,-6.972786619124461
1643.452244001673,2,3,3,18,85189.39436368967,28.99190384907707
339.7028621046293,4,1,1,14,106587.53564640271,60.26030200203085
1658.5803131463445,4,1,3,7,118571.56790920158,-4.968404148328872
1760.0203072854338,3,2,4,2,136888.62517523023,-2.9689677522312223
1612.804327235552,4,1,1,2,110368.57991256953,10.267409673996774
1724.8560501159964,2,1,4,16,78646.71891243872,16.935760078315333
1466.3621955385092,4,2,4,13,136079.51754679455,-2.6865797154365376
840.8020651776329,2,3,1,13,94736.23244534865,59.22964731303847
1314.6479983897732,4,2,4,1,160022.29804502078,-11.641726086303224
1027.1921022218544,5,3,2,13,134891.28485130673,23.42859711159415
1033.6295446028112,2,2,2,10,63692.75740173683,38.496150658123916
868.4658254488623,3,1,1,13,63072.02670916284,59.281427969697205
1726.2445463198233,3,1,4,6,101027.6682901629,-5.829962001133336
1548.9480727063135,4,3,3,18,126689.21531048087,28.83673117092805
1275.9173186596458,5,1,2,7,131459.0650919527,10.029223453634085
1175.3310361348058,2,3,2,13,88050.62104672767,46.79987552106534
1488.288447489274,3,2,1,3,109905.39044136633,26.397403816476512
2039.5973640562447,2,1,4,10,100648.5763371987,-2.6395974682579526
497.8921422505424,4,3,2,3,142062.11369614935,39.87975325893058
1688.4382604254463,2,2,3,5,112778.79861694167,2.3375358180566357
1227.1440129911089,2,1,4,5,90955.71510790278,10.263842480641449
557.7070775102761,4,1,2,1,110030.94707125613,29.53326318427266
527.1484584180206,3,3,4,18,128011.43162214816,40.48190833209072
1043.6082529323542,5,1,3,0,155070.40414639682,-2.413229078234191
1609.7547778965227,5,3,4,12,157760.26766194927,-29.900855076866748
1696.5314669900458,5,1,1,13,110862.27251125047,32.10679253816627
1030.5092136611074,4,2,1,2,121589.31120999927,21.86215956017466
2008.5104957066224,2,1,4,18,81735.10190023873,-2.943973638065218
2211.491748258053,4,3,2,16,126521.38244089992,13.35846742451102
1698.0432924782801,4,3,2,3,147836.87907267388,-16.696721153725946
1204.2986660959446,2,3,4,12,116623.3655125566,24.465961375608487
2062.209592255184,5,2,4,8,157212.02366140365,-36.28184749152217
1877.6978478316692,4,1,1,3,124854.83521330358,15.257940452949631
1933.7037056774589,5,1,2,9,131462.3539131518,19.9780990584412
1171.7681625142343,3,1,2,12,80374.05057951882,23.896328723273975
82.72274736264876,3,3,3,17,112424.17103889695,61.96869549491935
2558.395510741838,5,3,2,11,165673.2869376801,-12.183779786598143
694.5607982750331,4,1,1,15,91467.87830977819,67.96006674888932
1482.1159640698895,2,3,4,0,151322.18496018686,-13.646513788862208
2690.372675609875,5,1,1,13,109085.94510828404,5.444854114071926
1665.288378137187,5,1,1,6,107506.5748045457,5.152746087568147
1974.6232367791179,4,3,3,4,151810.32703005354,-36.069166696225494
748.8017153091437,5,1,4,1,156225.07544602902,-6.602149638470524
611.1665226331469,5,3,2,3,141221.07691491363,34.000525942539866
1233.6486040102227,4,1,4,9,123625.13915819032,-0.6485226266955362
2045.37486721725,5,3,3,14,158438.53301973268,-25.710827020236028
1326.875276176345,5,3,1,18,134075.8022760327,50.76155172945211
1102.6818394642505,5,3,1,14,135349.08344342606,32.797730701628474
1598.9836449724837,3,1,1,18,54467.56639160185,44.54040306472453
2040.9676092386326,3,1,1,9,84700.86431883689,3.8322481665483075
777.5299004633141,2,2,3,19,75650.3565103349,61.9779903491624
894.7285029383241,2,1,4,2,83310.34972746062,18.837805143895427
1105.665372745317,2,1,1,10,48053.49000819358,47.32548025907801
2047.3191873560456,4,1,3,17,104400.42719620847,-3.356900139204038
1617.410762974366,4,2,2,1,130995.17662861744,-23.443323068238467
2566.0767052852216,4,2,2,17,121066.4282162475,4.698281770478404
1968.222862915558,5,1,4,14,132552.31645130707,15.918266924068813
1482.4524115651648,4,1,4,15,116048.25223023826,15.569656764641582
2132.538919044383,2,3,2,18,74711.19217932245,26.10705175526204
1605.748506365939,2,1,4,18,43979.874318959206,25.293156987217554
1147.5393237462777,2,3,3,11,106231.70896918903,29.069586331743242
1839.9874221225512,4,1,2,5,126220.02888606871,-1.5297872372761496
1151.8366730694586,4,3,2,11,139896.75087006297,28.386786247250726
1354.8014495980667,2,2,1,6,69706.80116336913,25.345888016273555
2163.8913479789917,3,2,1,9,93146.73710004185,-2.323673262641396
1449.3592568913002,2,1,4,11,73076.47861849504,15.631608871136706
1098.429306329186,4,2,3,15,124426.29107283881,30.028743244717244
1267.8311542822541,4,2,3,12,124456.82304656538,6.220840949096253
2010.8952927943365,2,3,2,12,85578.30532572333,6.158827035460007
1223.7296632916355,5,2,1,13,131768.38712969233,32.78737982052189
1306.5645765746767,3,1,1,5,106751.9539320779,38.960897535186994
1244.8536301831857,3,1,2,18,94376.92187943874,51.24106658389397
1591.962747170155,4,2,2,9,121175.25116036412,10.565016794980338
1307.255119812196,4,1,2,8,116594.77410706472,6.860187557778266
699.0819755137315,4,2,4,8,151076.61532845313,19.73164632665069
1056.4095290774799,2,1,3,8,71152.82450768055,35.599706576851055
1033.6054792467808,4,3,3,0,162055.84347462957,18.972960584450306
2121.6596922275776,4,2,4,0,136750.9088610523,-37.18645640703208
1906.3370210545213,4,1,1,12,86000.18459201144,32.0509963260001
1793.629689699913,3,3,1,18,100384.34354891127,44.52771474872404
1247.320841367795,3,2,1,15,81575.78379711264,31.453353007466987
1092.1042290030143,5,1,4,12,161210.83854480373,10.990692957327358
1246.2411991713216,5,2,4,17,160203.5249451391,11.916310606435571
974.0599487241631,4,3,3,9,142766.64876270236,12.178506288224797
2748.6001957935036,3,2,1,13,83768.50296676192,9.107332078381841
377.3391758142991,3,3,1,2,115158.37567003998,61.947032488599405
1782.0042675369045,3,3,1,0,105435.68924734663,-9.704824265926382
857.7238510037364,3,1,4,9,112484.98145844735,21.708342516919185
1447.8282542526538,5,3,3,6,156070.89462767157,-4.184872489871783
1005.9990287531327,2,3,3,3,118833.10147398396,6.024515064108356
911.1855187586846,3,1,2,19,74909.64543957522,40.499072671643965
929.9018495325192,3,3,1,6,113711.0861056789,34.95231425683822
2377.493076871029,3,1,3,1,95162.88728505588,-39.365699399352565
1433.505788845204,3,1,1,1,87266.60496530376,0.6102367890595382
1117.1489027609568,2,3,3,5,134782.051866507,23.50450322585481
1777.8934820414365,2,2,2,1,85416.77921641407,17.018008441572846
1505.1746572831496,4,3,3,1,158026.5859319318,-9.86597724538742
1860.0168796708265,5,2,4,3,183085.67793740847,-28.64086711896102
587.871672031085,3,3,3,5,138010.9772846169,29.704679985540572
1651.8019522310008,3,1,4,18,102244.7558175618,16.66986178124048
1886.347418551191,4,3,1,1,124906.28098406369,-2.09873263873245
669.2008544427182,2,1,4,3,79658.71670425485,20.61095529189437
1724.0976422116562,4,2,1,13,108496.37322793041,18.767720913125896
2348.0907864140804,2,3,1,2,89641.68684007501,4.33379426125839
1492.5711483226487,5,2,3,15,145655.70343640842,19.71048107402306
1910.7029685124057,4,3,1,11,127111.91822445138,39.251641435769585
1835.285225155455,4,1,1,1,98253.36422414887,-5.244629505460786
1146.2471512447116,3,1,4,9,111614.15383576155,0.16107385063041413
1519.8833672932476,4,3,2,9,155445.50356955768,23.82113089393456
716.5026445691988,2,2,4,11,89364.84144848016,31.453025107684894
1274.348481448737,2,3,4,16,105041.71065551524,35.337418007072586
1632.8439874831179,4,3,1,9,126420.31540694159,37.154821300827884
1861.5502468688992,2,3,1,0,107435.37186284036,-11.572803889944325
1512.3060626239558,4,2,4,4,134992.33302449496,-23.94346588808822
1859.9918650715827,5,3,3,11,154378.51488869498,-27.612640455380774
948.5468935223151,3,1,2,3,70937.66331859754,27.037606652431027
1449.1513627225643,5,3,1,12,139420.9535492228,16.314819150515007
1509.6396922565386,5,3,1,2,160656.2775063466,-17.698015049601782
2424.795623339818,3,1,4,0,126964.64490145132,-40.74481810431102
1392.916671899958,3,3,3,4,135367.99494902728,12.030864292278359
1250.4916810029085,3,2,1,10,84715.67604667688,29.784455555859353
1510.6756119217744,4,3,1,3,139920.0539429846,21.133497136750105
1040.4432775650282,2,2,4,11,101663.40754494368,29.755415414053125
1596.376924532608,4,3,1,9,107691.13247296699,17.463172074446422
1317.4723917268711,2,3,2,5,88477.78786970803,7.897424998392834
604.3362259794081,4,3,2,1,159520.82116495265,17.177690457575984
1470.7067244330697,2,2,2,3,91057.40419196924,35.16275309238935
1341.2284530349004,2,1,4,10,72022.67034143164,11.87073846091064
683.7883489660084,5,3,4,16,177641.42525510088,30.182478903962064
1466.432922692739,4,3,1,1,145447.56605897276,3.264017685001525
2244.67798103724,3,3,3,3,128871.9986959217,-39.32450800773251
1760.6518741378568,4,1,3,13,119557.14690093679,16.077652395469592
1805.963596365579,3,3,1,4,74601.97541866501,23.313574527809134
829.2516372084788,4,2,3,8,142250.39377048583,33.77377729564425
1738.4491844611111,5,1,4,5,162720.77851142932,-5.063025774968537
1574.224790690039,2,2,3,10,79640.0852477077,16.203423022244433
1764.522619167216,3,2,3,0,123803.11530473665,-15.961249527066487
1711.3143108544127,2,1,2,3,69574.45172495281,15.937375446330053
820.1096372480931,2,1,3,8,76484.76001091578,35.17049829166291
1479.2995942210164,2,3,4,13,108590.84535175981,4.706161973486347
1121.064569787417,5,1,2,0,122337.5776163455,-8.57033217881796
1474.957952857589,4,2,1,10,129741.51600724536,37.93499237476042
1051.2995365490847,2,3,1,5,87522.54127248237,36.957866062893174
2156.235183570498,5,1,3,8,139225.66803440757,-33.70554304299385
1070.5138057778288,5,2,4,13,147541.2511003746,-7.299521239477233
1050.528921767232,5,1,2,2,123256.59284964016,31.200699024906864
1537.2932032717767,4,3,2,0,149994.6307523909,2.637236733979103
961.4504652980027,3,2,1,12,93844.64603416013,55.99051404853178
1287.6683487835671,2,1,4,7,97523.07586763923,-3.3000250630386123
1085.0177012310191,5,3,2,16,160680.2488755524,29.80165133525928
2205.5860319448057,3,1,1,15,69100.71761096478,14.511628921539746
1892.9019134155863,3,3,3,19,112604.4203167783,10.568591792126522
1471.2652407673027,5,2,2,17,141303.77094887296,24.693300667676077
1304.3914739129918,4,2,1,0,114377.80370265215,5.615435313523685
1970.4588072875567,3,1,4,0,124802.81436262207,-42.051458723982364
1702.602040161444,4,2,4,11,143696.3038925036,0.3089919731026223
1749.0262023414284,4,1,2,10,117524.77744700569,16.022683285887993
1486.9038813278748,3,1,1,6,86547.36882914226,33.87840134419601
655.884986114284,3,2,3,18,91883.48425414553,64.67243241009692
1443.7670087202237,3,1,2,1,86165.54708849985,20.716463768880526
1233.755040395466,4,1,2,19,104041.73049027161,63.61965112611081
1822.5276367299384,4,2,2,5,145081.8222425427,6.582832858986841
2005.9212164970945,3,3,2,17,95874.84360041836,21.41352296693608
1171.0244776194156,5,1,1,10,115917.62828206243,31.74581118851889
1734.1926171385257,5,1,3,12,136783.84188337417,-9.923091999582732
2367.9394988428567,4,1,3,9,102026.19463076597,-11.13559488641534
1166.1436397147204,5,2,1,17,128464.32178348748,43.09508468808204
2340.960870036569,3,3,3,3,132339.2525145439,-11.252563197258763
1073.7070764146765,4,2,2,8,101671.27872605085,20.74325797409175
1511.4798778039758,5,2,3,2,175073.01972139793,-11.543611336247283
1494.4271940790793,4,2,4,10,132215.13140632882,0.013825703984558402
1505.7494499350312,5,3,2,6,147027.8405820171,-14.90482230296666
1081.1609790460275,5,2,4,0,174841.99671163995,-23.085801051685813
1204.4084481177852,2,2,4,4,112277.07218310786,-15.998856191354893
1166.1398568203003,5,2,2,4,154047.18396537285,12.760840498595027
1663.4812977022286,2,3,2,12,90071.707026758,23.96236867356202
1665.017557255156,3,3,2,0,125823.36539971849,0.4871028963541697
2612.9721658691296,2,3,4,19,100098.41845119592,-19.641051996955525
2185.494503145561,4,3,1,3,120090.7741952507,-22.16009083567669
1245.0783789307604,3,2,3,7,124513.84568000773,10.428021883248356
1662.434807898093,2,3,2,17,87903.59055377111,36.25951547353219
1998.5589903958798,3,1,4,11,103276.13694096837,-17.786711008296983
1515.300912169259,5,2,2,2,128864.97453613131,-0.6405406271108132
1465.1792107765323,3,1,4,12,102048.8785625849,15.947154533044746
1525.7874713849444,5,3,1,16,131437.948764778,37.429540839920676
1933.6383144042138,4,1,3,2,122320.68262570394,-21.58380611898341
1075.8397385973838,5,2,1,12,126445.47835072997,39.59618534161174
1337.165265589913,5,2,2,9,137303.93471946535,27.170060993540456
1735.216572423241,5,2,4,3,177355.994715323,-36.056182373890664
1655.7235357770778,2,1,2,0,80398.4032911301,5.945857698621732
1619.7913799281957,4,2,3,13,139181.44083467955,29.46652260392406
1315.0994168480984,3,2,1,5,82509.2760088268,30.587484159753608
1986.2678945712685,5,1,3,18,121603.5746728075,16.84470053611456
2566.9341236022688,3,3,2,3,122980.65887857828,-25.003239988813576
1703.207746838103,3,2,1,10,86885.21417438472,35.973105844047815
1403.41164922508,5,3,4,19,166009.12856964514,13.74445340276386
1877.8701444472713,2,3,2,12,82217.9010791404,13.469697508960252
1230.433681623505,4,2,4,9,134553.43626818937,0.6841457226687342
1125.1548276485516,5,1,3,16,113247.03786530414,26.961159007552162
1516.4043738068558,5,3,2,6,150957.94666917104,6.085752590529138
208.60168351502762,4,1,4,12,130146.06804567765,43.9856704706067
923.0248181739953,2,2,1,15,63419.44356142749,64.14187257130564
1326.0190720395772,4,2,4,6,159820.54192359486,-4.976120408335197
823.3055709261433,5,2,4,17,147556.3140424063,29.045823659508862
983.6784490539352,4,2,4,6,145782.55003325024,20.122122750780157
1281.6258312709963,3,2,2,5,93608.28961411132,9.285428083790745
678.5173532346954,3,2,3,12,134445.9773807914,51.430192263932625
1296.964101870084,3,1,4,2,111962.27606393048,-8.171126182361412
1232.3649177335778,2,2,2,0,99012.48086186094,11.67853415001532
1512.702604192508,3,3,2,17,112990.20151076779,30.135996161059218
2077.09201524701,4,3,3,10,140299.75785923074,-27.85860664339142
1586.252208246433,2,2,3,0,87584.11328876633,-11.936009520821091
1510.5310106710317,4,1,4,4,133416.6967507236,-12.674650989506244
1549.7272285153558,2,2,4,8,97306.96617062435,-4.459525065855486
1613.6963875605643,4,2,2,18,111351.80517886297,42.559924572435406
991.6306756951155,5,2,3,13,154108.8359258214,15.009607041092018
1442.6123376146008,2,2,1,7,74603.71772721109,31.049104175529667
1654.3756209183066,5,1,2,8,131698.35078414512,1.3284005160538062
814.6200087284698,5,3,4,16,171007.77576492194,33.07432306614597
1932.8264614079267,5,3,3,10,151393.9199041989,-28.413460033826787
2040.6880172290948,5,3,2,15,165080.96596562793,5.931867409606815
1184.3120057753056,5,3,1,16,151450.67896723517,51.43933726536943
1379.3311042734476,5,3,1,1,143428.01700956954,17.697105162626862
1060.9048285949634,4,3,3,2,158683.4585285692,1.941727756736768
1849.6902417939086,3,1,2,16,73404.6024192784,44.792611863839284
969.3888562770454,2,2,1,11,62115.53105750582,45.4014987726208
1388.76149487854,4,1,1,15,90745.96413408879,38.82138827768489
1070.5400460961641,4,1,2,15,118111.95232802507,38.49260426850372
1525.4771385056447,4,1,4,5,141442.31418407167,-7.19160056018123
602.8853642551395,4,1,1,19,92453.65626544614,54.774119585588394
2163.2308211828467,3,1,1,2,72675.5590530509,9.588404586339152
1017.696787896868,3,1,1,12,99153.3425814622,66.78185722848724
1529.947341558138,2,2,1,12,77602.28412738584,37.21971443703694
1393.7384776148454,2,1,1,14,28308.495039656296,64.76981504149444
1118.942744038751,4,1,3,1,128654.21472410428,10.169279662607975
1056.1099316820323,2,3,4,11,109741.10780666018,8.54795563961824
1968.1992717762298,5,3,1,14,146183.9231953778,5.0437266074768905
1237.17970344903,4,2,1,14,110724.99351981978,37.81169441103523
1635.5850923186554,2,1,2,11,55732.601781458274,32.21997799182309
1099.2515573028127,2,3,2,6,117908.48330172835,36.4283259141432
1176.4092840761195,5,1,3,2,145686.0508562323,6.427791615967741
1736.1235750439243,4,3,3,9,156381.54085262606,-12.286463083641282
1965.204248055558,3,3,4,10,149596.83777150983,-14.827631108693948
1412.34179883649,4,3,4,17,141424.59491989837,3.497707908594773
789.0400641797816,3,3,1,6,100376.83518402465,57.15150490976502
2498.978039875002,2,1,2,6,81568.56250841515,-10.813722155592696
1071.7253458828952,3,2,4,11,133564.23700051,16.174489637659853
729.2063001641062,4,3,1,16,105694.41744217068,55.289710903530235
2797.2122938840757,2,3,2,13,113611.03800851866,-21.911548292897898
1297.9838530745315,3,2,3,14,104393.95878319874,25.270137633658116
769.1336558692959,3,1,1,19,73402.41211305848,84.14472039091443
1158.280116605659,4,3,1,7,134323.02214935012,25.544093782947392
1683.7724480111344,2,2,3,16,75228.4630256723,6.976519286598961
1595.1557787969698,2,1,2,6,61257.09649992622,18.059070001147198
1074.135401373205,3,1,3,8,76801.14430773736,17.66646726446
2411.36180006398,3,1,1,15,59794.17954376638,19.18261453627303
1239.2101610033135,3,1,4,2,98894.84547307542,7.477291859591816
907.656704794224,5,1,2,10,125955.73351010006,26.768214067347788
1980.34669923033,2,3,1,9,100784.19487683597,15.034523573886993
2164.531423269841,3,3,3,10,125910.81640497017,-11.472328531222395
1091.2534511918868,3,1,2,8,91034.1683474233,19.985642343888387
799.3263534803448,2,2,1,10,78279.69861041945,61.549547598165994
2015.2191337078025,5,1,2,10,132904.7039770569,-2.3981602517713796
476.33819347101917,2,3,4,17,104479.8540956205,38.14673422494801
886.6891703016922,5,2,4,3,152909.89397681583,-17.058407780671978
1983.7230750251174,4,3,4,4,157793.80643710605,-33.936673348689155
1472.323725988805,2,3,2,4,102465.75541563345,20.035308857600437
1368.031325703656,2,2,4,17,85067.56353514374,29.869011955854063
1676.4083032471892,4,1,2,17,102557.81125863407,17.9273276704154
1423.6127882272956,2,1,2,15,57884.68543469223,39.88082425782104
850.6566389184549,4,3,3,8,153743.54359456815,23.06710209287547
2138.037673003094,5,2,1,1,132136.6240746533,-3.2130437394721003
2162.5070264434075,2,2,4,15,86961.57692012786,12.200944473191448
1602.66628188898,4,3,1,9,144641.89651798384,20.07931072108169
1522.567007716005,3,2,1,11,90148.84588099485,44.08499300389627
2669.812403010029,5,3,3,16,165964.54469546038,-39.087931798149185
1361.7835774920813,5,2,4,15,144796.66925982453,11.232720034716069
1370.2115090829802,3,1,1,16,66012.46119972023,67.81791180085779
1682.2406246202527,3,3,2,16,116762.81514038627,24.11835444728248
2235.660978071169,4,2,1,2,134873.98908549643,2.6895864504454146
2296.385377208742,3,2,2,8,96003.34194060894,7.664479969029923
1370.7136841616143,2,2,2,1,81756.18272769114,19.131841261406123
1654.1656229796727,4,3,2,16,129700.39340804634,37.13004887562915
810.9582664679614,5,2,3,14,131261.52763574535,27.769290695589095
1344.0119460418935,2,2,4,8,102470.67290824468,5.389687467849152
1079.8548022603468,2,2,1,1,78992.64355497624,46.85082024018577
996.5841238505081,5,3,3,14,168845.78356521786,24.99442469110092
2340.7883581336637,2,3,4,13,127416.49160595654,-28.653093798873705
1103.8566690969276,5,1,2,0,141350.37151254938,8.155289691685335
1234.1970459942727,5,3,4,12,181132.60903259405,29.773850337758358
1682.9243939584292,5,3,1,8,148464.2517083222,-15.175766345084433
2148.912633486793,5,3,3,0,172577.0105519818,-28.24543742259576
1740.5575631944178,4,1,3,19,87010.51009002957,16.696520585328756
2879.677557010791,2,1,2,19,48677.63058675923,12.894060942837458
1462.6660108744252,3,2,2,0,113003.99985237053,11.372186897071607
1629.3582201148731,4,3,2,10,119458.7418721575,-4.365062613978896
1637.8003369920282,3,2,1,11,92347.79839632871,14.284748455216677
2217.5246933945773,4,2,4,4,143200.41524401776,-45.22439556081905
1753.6194755548077,2,2,3,18,72761.2112119605,24.413032404382854
1441.8851498064255,5,3,2,17,144120.69940835316,6.918434019876539
1026.2557025465603,3,3,3,6,136900.94306388928,20.774924508807075
1622.2217279808162,4,1,2,18,106766.12196018519,39.25566499686355
2200.67241564598,2,1,4,19,57830.12213333059,10.963178383164035
1294.8091031710646,2,2,3,15,84252.56443009882,35.403573501573646
1764.4718092082912,4,2,4,9,151121.0824874392,-26.122933371312804
1623.0738943424221,5,3,2,7,156332.58835107763,-4.851261188539127
1931.7598291906572,4,1,3,2,125154.03262373745,-17.536019726798706
1097.6231296810654,4,2,1,0,105694.70281223784,26.80648011328206
2673.3235152632806,4,2,1,17,99636.32518944867,7.110111597808203
860.4194464858708,5,1,1,6,137817.9640171252,53.85900879002742
1317.2244550069813,3,3,4,12,125877.93188235,13.727739542294884
1969.0462704528227,4,2,4,14,122678.19970326622,-8.52577426653474
1648.3665862470566,2,3,2,14,93418.90087870759,31.072996593625263
1914.9930795405517,3,2,2,7,111943.78987042766,19.69817140464371
1251.9488330087188,2,3,3,9,118664.07932275691,7.173126456053099
1462.5975086598294,2,2,3,7,88654.0723330772,8.521233554495385
1506.1159918194087,4,2,4,13,140077.8137621969,-0.6803899990218616
2284.629807267952,3,2,1,1,105685.86368648791,-16.246479380684328
1845.2145121915246,4,3,2,3,149514.7125344379,-20.922235453892
1898.3360541823358,2,1,2,2,68577.14058699572,9.029310434541085
1171.0369537316024,4,3,4,7,175812.76778582274,-7.698852550076834
1984.4413192815255,5,3,4,2,177219.25043413346,-36.42228011959662
1612.7908317844017,5,3,2,7,165985.11700282354,-5.9882621141162256
2194.5726578389636,4,2,4,3,147978.17396746422,-50.45737183993331
2507.0300774592342,4,2,2,0,125481.3293984844,-21.23042957739461
1346.6171119864978,4,3,1,4,125344.79556636757,33.58560745967823
1296.8484347774688,4,3,2,11,128884.95510818639,23.341335509411767
1067.9775044488151,4,2,2,15,111165.27810169144,45.19152812290748
1428.2102441418397,5,1,1,9,106625.24912851183,43.521363114760604
1308.9872755248082,3,2,1,6,101728.59066988011,34.816916616884754
1679.7521997855051,4,2,3,5,128904.72294369052,3.257822469234993
1427.716591533132,3,3,1,1,108663.64980876162,19.29970541933207
1319.2003596091902,4,3,4,5,165646.50609188693,1.6237582504823997
2032.292568063926,3,2,3,16,104036.52685269549,11.142317131130117
1031.059884424274,5,3,1,12,129396.49358942301,39.057527262692886
1716.5539765756719,2,2,1,14,57598.18200284517,44.59010769612972
1297.0291364057582,3,1,2,8,85782.94212399295,14.593662349061871
1862.1842524349822,5,3,2,19,141281.21375254283,6.401309039444399
2192.630773361115,3,1,4,11,112701.14075921096,0.8314952581085073
1348.4508732879635,5,2,1,14,119130.20514673587,48.7530214103335
1720.5164536365758,2,1,2,2,64288.98751638617,12.688248026851092
1589.39643286659,5,3,4,16,159789.23612864703,-12.201809758529958
1100.2888002284517,4,1,3,11,118716.71686969062,37.01901459928918
1620.3937548709691,4,3,1,4,136744.91413829284,8.187450004034133
1644.5602526394061,3,1,3,18,71197.8342506109,15.960580900357353
1706.4354102230873,4,3,1,6,136173.96967029257,15.002365935834256
1400.8005515899772,4,2,1,1,128410.13298075445,20.9008734978674
1547.0961501550732,2,1,1,4,44963.57045698704,36.34826315659997
926.1945275784324,4,1,1,7,91658.7829701796,39.11835505084248
1320.9429622600717,4,1,1,19,101049.3957247098,49.17566874117944
